{"stats":{"minecraft:used":{"minecraft:crafting_table":1},"minecraft:picked_up":{"minecraft:wheat_seeds":1,"minecraft:acacia_log":7},"minecraft:mined":{"minecraft:grass":7,"minecraft:acacia_log":7},"minecraft:crafted":{"minecraft:acacia_planks":26,"minecraft:crafting_table":1,"minecraft:stick":4},"minecraft:custom":{"minecraft:time_since_rest":4518,"minecraft:crouch_one_cm":417,"minecraft:sprint_one_cm":19784,"minecraft:play_time":4518,"minecraft:damage_taken":120,"minecraft:walk_one_cm":10201,"minecraft:sneak_time":78,"minecraft:walk_under_water_one_cm":135,"minecraft:jump":76,"minecraft:interact_with_brewingstand":1,"minecraft:damage_dealt":131,"minecraft:leave_game":1,"minecraft:time_since_death":4518,"minecraft:walk_on_water_one_cm":507,"minecraft:total_world_time":4518,"minecraft:swim_one_cm":2874,"minecraft:interact_with_crafting_table":1,"minecraft:fall_one_cm":1658,"minecraft:fly_one_cm":17542}},"DataVersion":2975}