{"stats":{"minecraft:used":{"minecraft:stone_pickaxe":21,"minecraft:wooden_pickaxe":14,"minecraft:stone_axe":1,"minecraft:orange_bed":1,"minecraft:wooden_sword":72,"minecraft:crafting_table":2,"minecraft:porkchop":4},"minecraft:dropped":{"byg:biomepedia":1,"minecraft:grass":4,"alexsmobs:animal_dictionary":2,"minecraft:wooden_pickaxe":1},"minecraft:picked_up":{"minecraft:crafting_table":1,"byg:soapstone":1,"minecraft:leather":2,"minecraft:wooden_pickaxe":1,"minecraft:torch":6,"minecraft:acacia_log":7,"minecraft:porkchop":5,"minecraft:ink_sac":1,"minecraft:dirt":1,"alexsmobs:animal_dictionary":1,"minecraft:orange_bed":3,"minecraft:wheat_seeds":9,"minecraft:hay_block":42,"minecraft:beef":3,"minecraft:grass":4,"minecraft:cobblestone":28},"minecraft:mined":{"minecraft:hay_block":42,"byg:soapstone":1,"minecraft:crafting_table":1,"minecraft:torch":4,"minecraft:grass":56,"minecraft:acacia_log":7,"minecraft:dirt":1,"minecraft:stone":33,"minecraft:wall_torch":2,"minecraft:orange_bed":3},"minecraft:crafted":{"minecraft:wooden_sword":1,"minecraft:crafting_table":2,"minecraft:stick":8,"minecraft:stone_pickaxe":1,"minecraft:wooden_pickaxe":1,"minecraft:acacia_planks":26,"minecraft:stone_axe":1},"minecraft:killed":{"minecraft:pig":3,"minecraft:cow":1},"minecraft:custom":{"minecraft:time_since_rest":3655,"minecraft:sprint_one_cm":64468,"minecraft:damage_taken":370,"minecraft:walk_one_cm":41108,"minecraft:mob_kills":4,"minecraft:drop":6,"minecraft:damage_dealt":547,"minecraft:swim_one_cm":6561,"minecraft:interact_with_crafting_table":5,"minecraft:fly_one_cm":47482,"minecraft:open_chest":1,"minecraft:crouch_one_cm":963,"minecraft:play_time":16518,"minecraft:deaths":1,"minecraft:bell_ring":19,"minecraft:sneak_time":390,"minecraft:walk_under_water_one_cm":458,"minecraft:interact_with_brewingstand":2,"minecraft:jump":236,"minecraft:leave_game":1,"minecraft:walk_on_water_one_cm":3322,"minecraft:time_since_death":3571,"minecraft:sleep_in_bed":1,"minecraft:total_world_time":16518,"minecraft:fall_one_cm":2912}},"DataVersion":2975}