{"stats":{"minecraft:used":{"alexsmobs:emu_egg":2,"minecraft:bread":10,"minecraft:oak_planks":17,"minecraft:wooden_pickaxe":19,"minecraft:iron_sword":73,"minecraft:orange_bed":1,"minecraft:grass":2,"minecraft:iron_chestplate":1,"minecraft:stone_axe":23,"minecraft:sand":2,"minecraft:dirt":10,"minecraft:wooden_sword":26,"minecraft:crafting_table":4,"minecraft:oak_sapling":1,"alexsmobs:animal_dictionary":3},"minecraft:dropped":{"minecraft:apple":1},"minecraft:picked_up":{"minecraft:stick":2,"minecraft:crafting_table":4,"minecraft:leather":1,"minecraft:acacia_log":5,"minecraft:sand":2,"minecraft:oak_log":7,"minecraft:arrow":1,"minecraft:rotten_flesh":1,"minecraft:bundle":1,"byg:biomepedia":1,"minecraft:dirt":10,"minecraft:orange_bed":2,"minecraft:apple":1,"minecraft:wheat_seeds":3,"minecraft:hay_block":28,"minecraft:beef":3,"minecraft:iron_ingot":15,"minecraft:grass":2,"alexsmobs:emu_egg":2,"minecraft:poppy":3,"minecraft:oak_sapling":1,"minecraft:coal":6,"minecraft:oak_planks":17,"minecraft:cobblestone":13},"minecraft:mined":{"minecraft:hay_block":29,"minecraft:crafting_table":4,"minecraft:acacia_log":5,"minecraft:grass":12,"minecraft:coal_ore":6,"minecraft:grass_block":8,"minecraft:oak_log":7,"minecraft:dirt":2,"minecraft:sand":2,"minecraft:stone":13,"minecraft:oak_planks":17,"minecraft:orange_bed":2},"minecraft:crafted":{"minecraft:wooden_sword":1,"minecraft:oak_planks":28,"minecraft:iron_chestplate":1,"minecraft:crafting_table":1,"minecraft:stick":12,"minecraft:wooden_pickaxe":1,"minecraft:stone_pickaxe":1,"minecraft:iron_sword":1,"minecraft:bucket":1,"minecraft:acacia_planks":20,"minecraft:stone_axe":1,"minecraft:bread":51,"minecraft:wheat":153},"minecraft:killed":{"minecraft:zombie":1,"minecraft:iron_golem":3,"minecraft:cow":1,"alexsmobs:emu":1},"minecraft:custom":{"minecraft:time_since_rest":6517,"minecraft:sprint_one_cm":102357,"minecraft:damage_taken":160,"minecraft:walk_one_cm":55813,"minecraft:mob_kills":6,"minecraft:drop":1,"minecraft:damage_dealt":4351,"tombstone:undead_killed":1,"minecraft:talked_to_villager":4,"minecraft:interact_with_crafting_table":14,"minecraft:swim_one_cm":1083,"minecraft:fly_one_cm":162777,"minecraft:bell_ring":3,"minecraft:open_chest":6,"minecraft:crouch_one_cm":1819,"minecraft:play_time":28461,"minecraft:sneak_time":1682,"minecraft:walk_under_water_one_cm":1143,"minecraft:jump":611,"minecraft:time_since_death":28461,"minecraft:walk_on_water_one_cm":4368,"minecraft:sleep_in_bed":2,"minecraft:total_world_time":28461,"minecraft:fall_one_cm":10841}},"DataVersion":2975}