{"stats":{"minecraft:used":{"minecraft:bread":6,"minecraft:oak_planks":9,"minecraft:wooden_pickaxe":19,"minecraft:iron_sword":26,"minecraft:stone_axe":8,"minecraft:sand":2,"minecraft:dirt":3,"minecraft:wooden_sword":26,"minecraft:crafting_table":2,"minecraft:oak_sapling":1,"alexsmobs:animal_dictionary":3},"minecraft:dropped":{"minecraft:apple":1},"minecraft:picked_up":{"minecraft:stick":2,"minecraft:crafting_table":1,"minecraft:leather":1,"minecraft:sand":2,"minecraft:oak_log":7,"minecraft:dirt":3,"minecraft:orange_bed":1,"minecraft:apple":1,"minecraft:wheat_seeds":3,"minecraft:hay_block":17,"minecraft:beef":3,"minecraft:iron_ingot":9,"minecraft:poppy":1,"minecraft:oak_sapling":1,"minecraft:coal":6,"minecraft:oak_planks":9,"minecraft:cobblestone":13},"minecraft:mined":{"minecraft:hay_block":18,"minecraft:crafting_table":2,"minecraft:grass":7,"minecraft:coal_ore":6,"minecraft:grass_block":1,"minecraft:oak_log":7,"minecraft:dirt":2,"minecraft:sand":2,"minecraft:stone":13,"minecraft:oak_planks":9,"minecraft:orange_bed":1},"minecraft:crafted":{"minecraft:wooden_sword":1,"minecraft:oak_planks":28,"minecraft:crafting_table":1,"minecraft:stick":12,"minecraft:wooden_pickaxe":1,"minecraft:stone_pickaxe":1,"minecraft:iron_sword":1,"minecraft:stone_axe":1,"minecraft:bread":51,"minecraft:wheat":153},"minecraft:killed":{"minecraft:iron_golem":2,"minecraft:cow":1},"minecraft:custom":{"minecraft:time_since_rest":16461,"minecraft:sprint_one_cm":44289,"minecraft:walk_one_cm":28071,"minecraft:mob_kills":3,"minecraft:drop":1,"minecraft:damage_dealt":2002,"minecraft:talked_to_villager":1,"minecraft:interact_with_crafting_table":9,"minecraft:swim_one_cm":1083,"minecraft:fly_one_cm":70617,"minecraft:open_chest":5,"minecraft:crouch_one_cm":739,"minecraft:play_time":16461,"minecraft:sneak_time":847,"minecraft:walk_under_water_one_cm":1143,"minecraft:jump":275,"minecraft:time_since_death":16461,"minecraft:walk_on_water_one_cm":1737,"minecraft:total_world_time":16461,"minecraft:fall_one_cm":4830}},"DataVersion":2975}