{"stats":{"minecraft:used":{"alexsmobs:animal_dictionary":3},"minecraft:picked_up":{"minecraft:hay_block":13,"minecraft:sand":2,"minecraft:oak_log":1},"minecraft:mined":{"minecraft:hay_block":14,"minecraft:grass":4,"minecraft:oak_log":1,"minecraft:sand":2},"minecraft:crafted":{"minecraft:bread":39,"minecraft:wheat":117},"minecraft:custom":{"minecraft:jump":80,"minecraft:time_since_rest":4461,"minecraft:sprint_one_cm":13342,"minecraft:play_time":4461,"minecraft:time_since_death":4461,"minecraft:walk_one_cm":5460,"minecraft:total_world_time":4461,"minecraft:interact_with_crafting_table":2,"minecraft:fall_one_cm":2264,"minecraft:fly_one_cm":22216}},"DataVersion":2975}