{"stats":{"minecraft:used":{"minecraft:oak_log":1,"minecraft:wooden_axe":3,"minecraft:sand":9,"minecraft:crafting_table":1},"minecraft:dropped":{"minecraft:grass":2,"minecraft:wheat_seeds":4},"minecraft:picked_up":{"minecraft:crafting_table":1,"minecraft:acacia_log":7,"minecraft:wheat_seeds":4,"minecraft:sand":9,"minecraft:grass":2,"minecraft:oak_log":1,"minecraft:chest":1,"minecraft:apple":1},"minecraft:mined":{"minecraft:grass":23,"minecraft:acacia_log":7,"minecraft:oak_log":1,"minecraft:acacia_leaves":5,"minecraft:chest":1,"minecraft:sand":6,"minecraft:crafting_table":1},"minecraft:crafted":{"minecraft:acacia_planks":28,"minecraft:crafting_table":1,"minecraft:stick":4,"minecraft:wooden_pickaxe":1,"minecraft:wooden_axe":1},"minecraft:custom":{"minecraft:open_chest":1,"minecraft:time_since_rest":16021,"minecraft:crouch_one_cm":261,"minecraft:deaths":1,"minecraft:sprint_one_cm":24530,"minecraft:play_time":20671,"minecraft:damage_taken":801,"minecraft:walk_one_cm":15811,"minecraft:sneak_time":94,"minecraft:walk_under_water_one_cm":268,"minecraft:drop":6,"minecraft:jump":172,"minecraft:damage_dealt":20,"minecraft:walk_on_water_one_cm":1274,"minecraft:leave_game":4,"minecraft:time_since_death":15985,"minecraft:total_world_time":20671,"minecraft:swim_one_cm":2535,"minecraft:interact_with_crafting_table":2,"minecraft:fall_one_cm":3878,"minecraft:fly_one_cm":37761}},"DataVersion":2975}