{"stats":{"minecraft:used":{"minecraft:oak_log":1,"minecraft:wheat_seeds":1,"minecraft:wooden_axe":9,"minecraft:apple":1,"minecraft:melon_slice":16,"minecraft:stone_pickaxe":48,"minecraft:wooden_pickaxe":59,"minecraft:sand":9,"minecraft:crafting_table":2,"alexsmobs:animal_dictionary":1,"minecraft:granite":2,"minecraft:acacia_planks":1},"minecraft:dropped":{"byg:biomepedia":1,"minecraft:grass":2,"minecraft:wheat_seeds":4,"alexsmobs:animal_dictionary":1},"minecraft:picked_up":{"minecraft:crafting_table":2,"minecraft:acacia_log":7,"minecraft:sand":12,"minecraft:oak_log":1,"alexsmobs:animal_dictionary":1,"byg:biomepedia":1,"minecraft:apple":1,"minecraft:wheat_seeds":5,"minecraft:beef":3,"minecraft:granite":19,"minecraft:grass":2,"minecraft:melon_slice":25,"minecraft:chest":1,"minecraft:cobblestone":85},"minecraft:mined":{"minecraft:acacia_leaves":5,"minecraft:wheat":2,"minecraft:crafting_table":2,"minecraft:granite":19,"minecraft:grass":25,"minecraft:acacia_log":7,"minecraft:oak_log":1,"minecraft:melon":5,"minecraft:chest":1,"minecraft:sand":9,"minecraft:stone":85},"minecraft:crafted":{"minecraft:crafting_table":1,"minecraft:stick":12,"minecraft:wooden_pickaxe":1,"minecraft:stone_pickaxe":1,"minecraft:wooden_axe":1,"minecraft:acacia_planks":28},"minecraft:broken":{"minecraft:wooden_pickaxe":1},"minecraft:killed":{"minecraft:iron_golem":1,"minecraft:cow":1},"minecraft:custom":{"minecraft:time_since_rest":6517,"minecraft:sprint_one_cm":51519,"minecraft:damage_taken":811,"minecraft:walk_one_cm":37552,"minecraft:mob_kills":2,"minecraft:drop":8,"minecraft:damage_dealt":183,"minecraft:talked_to_villager":7,"minecraft:interact_with_crafting_table":3,"minecraft:swim_one_cm":4039,"minecraft:fly_one_cm":65538,"minecraft:open_chest":2,"minecraft:crouch_one_cm":452,"minecraft:play_time":32671,"minecraft:deaths":1,"minecraft:sneak_time":117,"minecraft:walk_under_water_one_cm":491,"minecraft:jump":343,"minecraft:interact_with_stonecutter":1,"minecraft:leave_game":4,"minecraft:time_since_death":27985,"minecraft:walk_on_water_one_cm":2723,"minecraft:sleep_in_bed":1,"minecraft:total_world_time":32671,"minecraft:fall_one_cm":6769}},"DataVersion":2975}