{"stats":{"minecraft:picked_up":{"minecraft:sand":13,"minecraft:dirt":6},"minecraft:custom":{"minecraft:jump":82,"minecraft:time_since_rest":15330,"minecraft:damage_dealt":74,"minecraft:crouch_one_cm":502,"minecraft:damage_taken":150,"minecraft:sprint_one_cm":12308,"minecraft:play_time":15330,"minecraft:time_since_death":15330,"minecraft:walk_one_cm":14217,"minecraft:sneak_time":190,"minecraft:total_world_time":15330,"minecraft:fall_one_cm":1045,"minecraft:fly_one_cm":11267,"minecraft:leave_game":1},"minecraft:mined":{"minecraft:grass_block":3,"minecraft:tall_grass":3,"minecraft:grass":3,"minecraft:dirt":3,"minecraft:sand":19},"minecraft:used":{"alexsmobs:animal_dictionary":1,"minecraft:dirt":2,"minecraft:sand":10}},"DataVersion":2975}